congruent,base_sent,sent_corrected
Здесь абоненты получают поистине безграничные возможности .,Абоненты получают возможности,Абоненты получают безграничные возможности
Здесь абоненты получают поистине безграничные возможности .,Абоненты получают возможности,Абоненты получают безграничные возможности
Авиакомпания официально подтвердила факт крушения лайнера .,Авиакомпания подтвердила факт,Авиакомпания подтвердила факт крушения
Также массовую дезинфекцию проходят городские автобусы .,Автобусы проходят дезинфекцию,Автобусы проходят массовую дезинфекцию
В результате автомобиль получил технические повреждения .,Автомобиль получил повреждения,Автомобиль получил технические повреждения
Однако сами авторы выдвинули более осторожное предположение .,Авторы выдвинули предположение,Авторы выдвинули осторожное предположение
Авторы письма выразили возмущение перебоями работы сети .,Авторы выразили возмущение,Авторы выразили возмущение
Авторы лучших снимков получали подарки от бренда .,Авторы получали подарки,Авторы получали подарки
А теперь их авторы получат призы .,Авторы получат призы,Авторы получат призы
А теперь их авторы получат призы .,Авторы получат призы,Авторы получат призы
Его адвокат обжаловал решение властей .,Адвокат обжаловал решение,Адвокат обжаловал решение властей
Его адвокаты уже готовят документы .,Адвокаты готовят документы,Адвокаты готовят документы
Адвокаты иллюзиониста полностью отрицают его вину .,Адвокаты отрицают вину,Адвокаты отрицают вину
Кнопку тревожной сигнализации нажала администратор .,Администратор нажала кнопку,Администратор нажала кнопку сигнализации
Администрация острова начала поисково - спасательную операцию .,Администрация начала поисково,Администрация начала спасательную операцию
Причин своего ухода активистка не назвала .,Активистка назвала причин,Активистка назвала причины ухода
Активисты попросили убежища девять месяцев назад .,Активисты попросили убежища,Активисты попросили убежища
Эти актрисы потеряли божественную искру .,Актрисы потеряли искру,Актрисы потеряли божественную искру
Данный алгоритм имеет сложность арифметических операций .,Алгоритм имеет сложность,Алгоритм имеет арифметическую (линейную) сложность
Альбом вызвал положительную реакцию критики .,Альбом вызвал реакцию,Альбом вызвал положительную реакцию
Альбом получил множество восторженных отзывов прессы .,Альбом получил множество,Альбом получил множество отзывов
Альбом получил преимущественно положительные отзывы критиков .,Альбом получил отзывы,Альбом получил положительные отзывы
Альбом получил в целом положительные отзывы критиков .,Альбом получил отзывы,Альбом получил положительные отзывы
Американцы опасаются лишь террористов - самоубийц .,Американцы опасаются террористов,Американцы опасаются террористов
Англичанин схватил нож и ранил россиянина .,Англичанин ранил россиянина,Англичанин ранил россиянина
Англичанин схватил нож и ранил россиянина .,Англичанин схватил нож,Англичанин схватил нож
Волгоградские артиллеристы уже подготовили орудия .,Артиллеристы подготовили орудия,Артиллеристы подготовили орудия
Перенос премьеры прокомментировали артисты Большого .,Артисты прокомментировали перенос,Артисты прокомментировали перенос премьеры
Перенос премьеры прокомментировали артисты Большого .,Артисты прокомментировали перенос,Артисты прокомментировали перенос премьеры
Археологи обнаружили останки неизвестного монаха .,Археологи обнаружили останки,Археологи обнаружили останки монаха
Атлеты получили крупные денежные премии .,Атлеты получили премии,Атлеты получили денежные премии
Атлеты получили крупные денежные премии .,Атлеты получили премии,Атлеты получили денежные премии
Точные данные банк предоставит позднее .,Банк предоставит данные,Банк предоставит точные данные
Кроме того барабанщик Мак Пул покинул группу .,Барабанщик покинул группу,Барабанщик покинул группу
Бастующие требуют повышения заработной платы .,Бастующие требуют повышения,Бастующие требуют повышения зарплаты
Бастующие требуют повышения заработной платы .,Бастующие требуют повышения,Бастующие требуют повышения зарплаты
Все бельгийцы разделяют эту безмерную скорбь .,Бельгийцы разделяют скорбь,Бельгийцы разделяют безмерную скорбь
Все бельгийцы разделяют эту безмерную скорбь .,Бельгийцы разделяют скорбь,Бельгийцы разделяют безмерную скорбь
Сам бизнесмен эти обвинения отрицал .,Бизнесмен отрицал обвинения,Бизнесмен отрицал обвинения
Бизнесмен по поддельным документам оформил налоговый вычет .,Бизнесмен оформил вычет,Бизнесмен оформил налоговый вычет
Боевики разрушили десятки христианских церквей .,Боевики разрушили десятки,Боевики разрушили десятки церквей
Болельщики раскритиковали спортсменку за ее поступок .,Болельщики раскритиковали спортсменку,Болельщики раскритиковали спортсменку
"Больные ощущают общую слабость , головокружение .",Больные ощущают слабость,Больные ощущают общую слабость
Большинство из них разрабатывают социальную проблематику .,Большинство разрабатывают проблематику,Большинство разрабатывают социальную проблематику
Ранее трое других браконьеров также убили лося .,Браконьеров убили лося,Браконьеры убили лося
Вандалы уничтожили центральную часть таблички .,Вандалы уничтожили часть,Вандалы уничтожили часть таблички
Ведомство подтвердило наличие незаконной свалки .,Ведомство подтвердило наличие,Ведомство подтвердило наличие свалки
Для властей города вердикт носит рекомендательный характер .,Вердикт носит характер,Вердикт носит рекомендательный характер
Однако ветер немного подпортит весеннее настроение .,Ветер подпортит настроение,Ветер подпортит весеннее настроение
Инициативу болельщиков поддержали ветераны клуба .,Ветераны поддержали инициативу,Ветераны поддержали инициативу болельщиков
Таинственные взрывы сотрясают весь город .,Взрывы сотрясают город,Взрывы сотрясают город
Но владелец магазина все обращения игнорировал .,Владелец игнорировал обращения,Владелец игнорировал обращения
Но владелец магазина все обращения игнорировал .,Владелец игнорировал обращения,Владелец игнорировал обращения
Новый владелец получил доступ к чужим финансам .,Владелец получил доступ,Владелец получил доступ к финансам
При этом владелец требовал предоплату за год .,Владелец требовал предоплату,Владелец требовал предоплату за год
Владелица автомобиля оставила ему ключи от машины .,Владелица оставила ключи,Владелица оставила ключи
Сумму ущерба подсчитывают владельцы пострадавшего павильона .,Владельцы подсчитывают сумму,Владельцы подсчитывают сумму ущерба
Владельцы отделов подсчитывают нанесенный ущерб .,Владельцы подсчитывают ущерб,Владельцы подсчитывают нанесенный ущерб
Их местонахождение власти держали в тайне .,Власти держали местонахождение,Власти держали местонахождение в тайне
Ранее городские власти запретили проведение митинга .,Власти запретили проведение,Власти запретили проведение митинга
Власти сразу же исключили версию теракта .,Власти исключили версию,Власти исключили версию теракта
Власти не озвучивают конкретные пути решения проблемы .,Власти озвучивают пути,Власти озвучивают пути решения
Однако местные власти эту информацию опровергли .,Власти опровергли информацию,Власти опровергли информацию
После допроса власти города отпустили пилота .,Власти отпустили пилота,Власти отпустили пилота
Украинские власти отрицают такие обвинения .,Власти отрицают обвинения,Власти отрицают обвинения
Кубинские власти подтвердили это сообщение .,Власти подтвердили сообщение,Власти подтвердили сообщение
Индийские власти также прокомментировали инцидент .,Власти прокомментировали инцидент,Власти прокомментировали инцидент
Власти региона пока не прокомментировали инцидент .,Власти прокомментировали инцидент,Власти прокомментировали инцидент
Власти региона пока не прокомментировали инцидент .,Власти прокомментировали инцидент,Власти прокомментировали инцидент
Японские власти прорабатывают детали визита .,Власти прорабатывают детали,Власти прорабатывают детали визита
Существенное влияние на атмосферу оказывает автотранспорт .,Влияние оказывает автотранспорт,Автотранспорт оказывает существенное влияние
Существенное влияние на атмосферу оказывает автотранспорт .,Влияние оказывает автотранспорт,Автотранспорт оказывает влияние на атмосферу
Водитель экипажа задел трехлетнего мальчика передним бампером .,Водитель задел мальчика,Водитель задел трехлетнего мальчика
Водитель скорой сразу нажал тревожную кнопку .,Водитель нажал кнопку,Водитель нажал тревожную кнопку
Водитель управлял грузовиком только в городской черте .,Водитель управлял грузовиком,Водитель управлял грузовиком
Российские военнослужащие открывали ответный огонь .,Военнослужащие открывали огонь,Военнослужащие открывали ответный огонь
Американские военные открыли ответный огонь .,Военные открыли огонь,Военные открыли ответный огонь
Израильские военные открыли ответный огонь .,Военные открыли огонь,Военные открыли ответный огонь
Гражданская война нанесла огромный ущерб наблюдательной сети .,Война нанесла ущерб,Война нанесла огромный ущерб
Гражданская война нанесла огромный ущерб наблюдательной сети .,Война нанесла ущерб,Война нанесла огромный ущерб
Турецкие войска начали осаду крепости .,Войска начали осаду,Войска начали осаду крепости
Их войска осадили город и обложили окрестности .,Войска осадили город,Войска осадили город
Их войска осадили город и обложили окрестности .,Войска осадили город,Войска осадили город
Войска последнего уничтожили город и его население .,Войска уничтожили город,Войска уничтожили город
Воспитывала будущую артистку только мать .,Воспитывала мать,Мать воспитывала будущую артистку
В Свердловской области врачи бьют тревогу .,Врачи бьют тревогу,Врачи бьют тревогу
А прибывшие врачи госпитализировали пострадавшего .,Врачи госпитализировали пострадавшего,Врачи госпитализировали пострадавшего
Врачи диагностировали у них пищевое отравление .,Врачи диагностировали отравление,Врачи диагностировали пищевое отравление
Врачи извлекли пули из ног животного .,Врачи извлекли пули,Врачи извлекли пули
Врачи извлекли пули из ног животного .,Врачи извлекли пули,Врачи извлекли пули из животного
Врачи извлекли пулю из ноги .,Врачи извлекли пулю,Врачи извлекли пулю
Врачи назначили ему лечение на дому .,Врачи назначили лечение,Врачи назначили лечение на дому
Врачи назначили ему лечение на дому .,Врачи назначили лечение,Врачи назначили лечение
Мужчину осмотрели врачи скорой помощи .,Врачи осмотрели мужчину,Врачи осмотрели мужчину
Мужчину осмотрели врачи скорой помощи .,Врачи осмотрели мужчину,Врачи осмотрели мужчину
Это заявление президента подтвердили и врачи .,Врачи подтвердили заявление,Врачи подтвердили заявление президента
Спустя несколько дней врачи поставили ему диагноз .,Врачи поставили диагноз,Врачи поставили диагноз
Выбор вызвал недоумение у читателей издания .,Выбор вызвал недоумение,Выбор вызвал недоумение
"Герой получит окончательное гражданство , родство .",Герой получит гражданство,Герой получит гражданство
Глава Воронежской области поддержал решение Селянина .,Глава поддержал решение,Глава поддержал решение
Хозяева турнира - голландцы обыграли американцев .,Голландцы обыграли американцев,Голландцы обыграли американцев
Гонщик разбил болид на мокрой трассе .,Гонщик разбил болид,Гонщик разбил болид
Гонщик разбил болид на мокрой трассе .,Гонщик разбил болид,Гонщик разбил болид
Грабители разбили витрины и забрали драгоценности .,Грабители забрали драгоценности,Грабители забрали драгоценности
Грабители разбили витрины и забрали драгоценности .,Грабители разбили витрины,Грабители разбили витрины
После этого грабитель забрал добычу и скрылся .,Грабитель забрал добычу,Грабитель забрал добычу
Граждане получили прямые демократические права .,Граждане получили права,Граждане получили демократические права
Эта грамота быстро дала положительные результаты .,Грамота дала результаты,Грамота дала положительные результаты
Геометрические гротески имеют строгие геометрические формы букв .,Гротески имеют формы,Гротески имеют строгие формы
Соответствующее распоряжение утвердил губернатор края .,Губернатор утвердил распоряжение,Распоряжение утвердил губернатор края
"Кроме того , девочка забросила школу .",Девочка забросила школу,Девочка забросила школу
"Кроме того , девочка забросила школу .",Девочка забросила школу,Девочка забросила школу
Девочка в результате этого получила травмы .,Девочка получила травмы,Девочка получила травмы
Девушка с плаката сознательно избегала голливудских тусовок .,Девушка избегала тусовок,Девушка избегала тусовок
"По данным издания , девушка открыла глаза .",Девушка открыла глаза,Девушка открыла глаза
В результате побоев девушка получила телесные повреждения .,Девушка получила повреждения,Девушка получила телесные повреждения
В результате побоев девушка получила телесные повреждения .,Девушка получила повреждения,Девушка получила телесные повреждения
В результате случившегося девушка получила различные травмы .,Девушка получила травмы,Девушка получила различные травмы
В результате случившегося девушка получила различные травмы .,Девушка получила травмы,Девушка получила различные травмы
"Возможно , дедушка потерял память .",Дедушка потерял память,Дедушка потерял память
"Возможно , дедушка потерял память .",Дедушка потерял память,Дедушка потерял память
Сам дежурный свою вину отрицал .,Дежурный отрицал вину,Дежурный отрицал вину
Однако демонстранты использовали плакаты и нового содержания .,Демонстранты использовали плакаты,Демонстранты использовали плакаты
Демонстранты разбили окно автомобиля одной из телекомпаний .,Демонстранты разбили окно,Демонстранты разбили окно автомобиля
При этом девять депутатов пропустили голосование .,Депутатов пропустили голосование,Депутаты пропустили голосование
Требование митингующих поддержали депутаты городского совета .,Депутаты поддержали требование,Депутаты поддержали требование граждан
Упомянутые в запросе депутаты представляют разные фракции .,Депутаты представляют фракции,Депутаты представляют различные фракции
Упомянутые в запросе депутаты представляют разные фракции .,Депутаты представляют фракции,Депутаты представляют различные фракции
Деревня вдохновляла художника своими пейзажами .,Деревня вдохновляла художника,Деревня вдохновляла художника
Дерево перегородило проход к подземному переходу .,Дерево перегородило проход,Дерево перегородило проход
Только тогда австрийская дивизия сложила оружие .,Дивизия сложила оружие,Дивизия сложила оружие
Дизайнер имеет полную свободу творческого самовыражения .,Дизайнер имеет свободу,Дизайнер имеет свободу самовыражения
Динамовцы забили единственный мяч во втором тайме .,Динамовцы забили мяч,Динамовцы забили единственный мяч
Российские дипломаты предприняли ответные меры .,Дипломаты предприняли меры,Дипломаты предприняли ответные меры
Победителей ждут дипломы и памятные подарки .,Дипломы ждут победителей,Дипломы ждут победителей
Дорога представляет собой замкнутый контур .,Дорога представляет контур,Дорога представляет замкнутый контур
Там будущий драматург организовал забастовку учащихся .,Драматург организовал забастовку,Драматург организовал забастовку учащихся
Однако драматург придумал свой современный сюжет .,Драматург придумал сюжет,Драматург придумал современный сюжет
Недавно друг и адвокат писательницы нашел рукопись .,Друг нашел рукопись,Друг нашел рукопись
Курганская городская дума поддержала инициативу .,Дума поддержала инициативу,Дума поддержала инициативу
Курганская городская дума поддержала инициативу .,Дума поддержала инициативу,Дума поддержала инициативу
Большую часть населения составляли евреи .,Евреи составляли часть,Евреи составляли часть населения
"Как ожидается , компанию ждут структурные изменения .",Ждут изменения,Изменения ждут компанию
Деньги женщина несла в кармане куртки .,Женщина несла деньги,Женщина несла деньги
Деньги женщина несла в кармане куртки .,Женщина несла деньги,Женщина несла деньги в кармане
Женщина обвинила мужчину в низком заработке .,Женщина обвинила мужчину,Женщина обвинила мужчину
Женщина получила незначительный ожог ноги .,Женщина получила ожог,Женщина получила ожог ноги
"Как правило , эти животные избегают человека .",Животные избегают человека,Животные избегают человека
Полицию вызвали жильцы близлежащего дома .,Жильцы вызвали полицию,Жильцы вызвали полицию
Местные жители раскритиковали подобный запрет .,Жители раскритиковали запрет,Жители раскритиковали подобный запрет
Лишилась крупной суммы также жительница Псковского района .,Жительница лишилась суммы,Жительница лишилась крупной суммы
Сам журналист пока не прокомментировал ситуацию .,Журналист прокомментировал ситуацию,Журналист прокомментировал ситуацию
Журналисты холдинга ведут собственное расследование .,Журналисты ведут расследование,Журналисты ведут собственное расследование
Журналисты не раскрыли источник этой информации .,Журналисты раскрыли источник,Журналисты раскрыли источник информации
"Как установлено , бумаги подписывала заведующая отделом .",Заведующая подписывала бумаги,Заведующая подписывала бумаги
В постсоветское время завод дважды пережил банкротство .,Завод пережил банкротство,Завод пережил банкротство
Закон не запрещает употребление алкоголя .,Закон запрещает употребление,Закон запрещает употребление алкоголя
Среди прочего законопроект регламентирует свадебные церемонии .,Законопроект регламентирует церемонии,Законопроект регламентирует свадебные церемонии
Здание гостиного дома имело весьма необычную планировку .,Здание имело планировку,Здание имело необычную планировку
"По предварительной информации , мужчину подвело здоровье .",Здоровье подвело мужчину,Здоровье подвело мужчину
"По предварительной информации , мужчину подвело здоровье .",Здоровье подвело мужчину,Здоровье подвело мужчину
Новое землетрясение вызвало панику у местных жителей .,Землетрясение вызвало панику,Землетрясение вызвало панику жителей
Новое землетрясение вызвало панику у местных жителей .,Землетрясение вызвало панику,Землетрясение вызвало панику жителей
Труп злоумышленник спрятал в погребе на веранде .,Злоумышленник спрятал труп,Злоумышленник спрятал труп
Злоумышленники вскрыли капот моторного отсека .,Злоумышленники вскрыли капот,Злоумышленники вскрыли капот
Тогда у потерпевшего злоумышленники забрали сотовый телефон .,Злоумышленники забрали телефон,Злоумышленники забрали телефон
Жену Бойко злоумышленники связали скотчем .,Злоумышленники связали жену,Злоумышленники связали жену
Жену Бойко злоумышленники связали скотчем .,Злоумышленники связали жену,Злоумышленники связали жену
В финале зрители определяют победителя сезона .,Зрители определяют победителя,Зрители определяют победителя сезона
Игра получила средние отзывы критиков и игроков .,Игра получила отзывы,Игра получила средние отзывы
Игра получила довольно положительные отзывы .,Игра получила отзывы,Игра получила положительные отзывы
После этого игра приняла нервный характер .,Игра приняла характер,Игра приняла нервный характер
Избранник народа и мужчина устроили драку .,Мужчина устроили драку,Мужчина устроили драку
"Кроме того , издание подсчитало доходы тренеров .",Издание подсчитало доходы,Издание подсчитало доходы тренеров
Подробности издание сообщает на своем сайте .,Издание сообщает подробности,Издание сообщает подробности
Подробности издание сообщает на своем сайте .,Издание сообщает подробности,Издание сообщает подробности на сайте
Изображение рыбы символизирует богатство природы .,Изображение символизирует богатство,Изображение символизирует богатство природы
Изобретение уже привлекло внимание инвесторов .,Изобретение привлекло внимание,Изобретение привлекло внимание инвесторов
После этой победы израильтяне окончательно остановили контрнаступление .,Израильтяне остановили контрнаступление,Израильтяне остановили контрнаступление
После этой победы израильтяне окончательно остановили контрнаступление .,Израильтяне остановили контрнаступление,Израильтяне остановили контрнаступление
В ответ израильтяне открыли артиллерийский огонь .,Израильтяне открыли огонь,Израильтяне открыли артиллерийский огонь
Получили ли израильтяне дополнительные гарантии .,Израильтяне получили гарантии,Израильтяне получили дополнительные гарантии
Израильтяне пока проверяют эту информацию .,Израильтяне проверяют информацию,Израильтяне проверяют информацию
Из подсолнечника индейцы также извлекали пурпурную краску .,Индейцы извлекали краску,Индейцы извлекали пурпурную краску
Возмущённые и голодные индейцы подняли восстание .,Индейцы подняли восстание,Индейцы подняли восстание
Возмущённые и голодные индейцы подняли восстание .,Индейцы подняли восстание,Индейцы подняли восстание
Инициатива не получила поддержку чиновников .,Инициатива получила поддержку,Инициатива получила поддержку чиновников
Инспекторы строительного надзора оценивают состояние пострадавшего здания .,Инспекторы оценивают состояние,Инспекторы оценивают состояние здания
Позже исламисты опровергли гибель полевого командира .,Исламисты опровергли гибель,Исламисты опровергли гибель командира
Новое оборудование уже прошло успешные испытания .,Испытания прошло,Оборудование прошло успешные испытания
Однако исследователи продолжили детальное изучение изображения .,Исследователи продолжили изучение,Исследователи продолжили изучение изображения
Однако источники издания подтвердили подлинность документа .,Источники подтвердили подлинность,Источники подтвердили подлинность документа
Длинноволосого высокого мужчину запечатлели камеры наблюдения .,Камеры запечатлели мужчину,Камеры запечатлели высокого мужчину
Трансляцию мероприятия вел Первый канал .,Канал вел трансляцию,Канал вел трансляцию мероприятия
Вскоре после нападения канал возобновил работу .,Канал возобновил работу,Канал возобновил работу
Остальные семь кандидатов представляют мелкие партии .,Кандидатов представляют партии,Кандидаты представляют мелкие партии
Клюв также имеет коричневатую окраску .,Клюв имеет окраску,Клюв имеет коричневатую окраску
Книга получила большое признание в профессиональной среде .,Книга получила признание,Книга получила большое признание
Книга произвела огромное впечатление на итальянцев .,Книга произвела впечатление,Книга произвела огромное впечатление
Для этого турне коллектив подготовил специальную программу .,Коллектив подготовил программу,Коллектив подготовил специальную программу
Каждая команда выбирает участников поединка анонимным голосованием .,Команда выбирает участников,Команда выбирает участников поединка
Обновлённая команда завершила сезон на третьем месте .,Команда завершила сезон,Команда завершила сезон
Хорошую подготовку имеет также и баскетбольная команда .,Команда имеет подготовку,Команда имеет хорошую подготовку
По его итогам команда покинула чемпионат мира .,Команда покинула чемпионат,Команда покинула чемпионат мира
Командир дополнительно выполнял обязанности заряжающего и радиста .,Командир выполнял обязанности,Командир выполнял обязанности радиста
Израильское командование подтвердило факт нанесения удара .,Командование подтвердило факт,Командование подтвердило факт удара
Причину аварии выяснит специальная комиссия .,Комиссия выяснит причину,Комиссия выяснит причину аварии
Обстоятельства самоубийства будет выяснять Следственный комитет .,Комитет выяснять обстоятельства,Комитет выясняет обстоятельства самоубийства
Проверку обстоятельств гибели охранника проводит Следственный комитет .,Комитет проводит проверку,Комитет проводит проверку обстоятельств
Обе компании опровергли информацию о слиянии .,Компании опровергли информацию,Компании опровергли информацию
Компания заключила соответствующие мировые соглашения со Смольным .,Компания заключила соглашения,Компания заключила мировые соглашения
Компания ранее получала письма с угрозами .,Компания получала письма,Компания получала письма
Компания проведет полную замену оборудования гидроэлектростанции .,Компания проведет замену,Компания проведет замену оборудования
Известная петербургская компания чистила заброшенную крепость .,Компания чистила крепость,Компания чистила заброшенную крепость
В срок отхода конвой начинает движение .,Конвой начинает движение,Конвой начинает движение
После этого корпорация начала поиски нового топ-менеджера .,Корпорация начала поиски,Корпорация начала поиски
Космонавты и раньше покидали отряд .,Космонавты покидали отряд,Космонавты покидали отряд
Космонавты и раньше покидали отряд .,Космонавты покидали отряд,Космонавты покидали отряд
Игровые критики оставили восторженные оценки об игре .,Критики оставили оценки,Критики оставили восторженные оценки
Курорт пользуется большой популярностью у туристов .,Курорт пользуется популярностью,Курорт пользуется популярностью
Лайнер совершил посадку в штатном режиме .,Лайнер совершил посадку,Лайнер совершил посадку
Лауреаты конкурса получили денежные гранты .,Лауреаты получили гранты,Лауреаты получили денежные гранты
Лауреаты конкурса получили денежные гранты .,Лауреаты получили гранты,Лауреаты получили денежные гранты
Категорию числа имеет лишь одна лексема .,Лексема имеет категорию,Лексема имеет категорию числа
Лидер консерваторов сегодня празднует двойную победу .,Лидер празднует победу,Лидер празднует победу
Меры предосторожности соблюдают и лидеры стран .,Лидеры соблюдают меры,Лидеры соблюдают меры предосторожности
Молодые листья имеют пурпурную окраску .,Листья имеют окраску,Листья имеют пурпурную окраску
Молодые листья имеют пурпурную окраску .,Листья имеют окраску,Листья имеют пурпурную окраску
Многие люди боятся этих насекомых .,Люди боятся насекомых,Люди боятся насекомых
Люди строили деревянные или каменные замки .,Люди строили замки,Люди строили каменные замки
Люди строили деревянные или каменные замки .,Люди строили замки,Люди строили каменные замки
По прибытии мальчик выбросил книгу со злостью .,Мальчик выбросил книгу,Мальчик выбросил книгу
Мальчик перебегал дорогу вне пешеходного перехода .,Мальчик перебегал дорогу,Мальчик перебегал дорогу
Мальчик перебегал дорогу вне пешеходного перехода .,Мальчик перебегал дорогу,Мальчик перебегал дорогу
От этого мальчик потерял равновесие и упал .,Мальчик потерял равновесие,Мальчик потерял равновесие
"Предположительно , мать медвежонка убили браконьеры .",Мать убили браконьеры,Браконьеры убили мать медвежонка
Обе мачты имеют косое парусное вооружение .,Мачты имеют вооружение,Мачты имеют парусное вооружение
Машина имела значительные технические повреждения .,Машина имела повреждения,Машина имела значительные повреждения
Тонувшая машина в сумерках напоминала рубку теплохода .,Машина напоминала рубку,Машина напоминала рубку теплохода
Машины получили очень сильные повреждения .,Машины получили повреждения,Машины получили сильные повреждения
Обе машины получили незначительные повреждения .,Машины получили повреждения,Машины получили незначительные повреждения
Столкнувшиеся машины получили механические повреждения .,Машины получили повреждения,Машины получили механические повреждения
Обе машины получили незначительные повреждения .,Машины получили повреждения,Машины получили незначительные повреждения
Машины получили очень сильные повреждения .,Машины получили повреждения,Машины получили сильные повреждения
Медики диагностировали у пациента разрыв прямой кишки .,Медики диагностировали разрыв,Медики диагностировали разрыв кишки
Медики диагностировали у пациента разрыв прямой кишки .,Медики диагностировали разрыв,Медики диагностировали разрыв кишки
С площади мужчину забрали медики .,Медики забрали мужчину,Медики забрали мужчину
Медики телесные повреждения не обнаружили .,Медики обнаружили повреждения,Медики обнаружили телесные повреждения
Медики оценивают состояние мужчины как средней тяжести .,Медики оценивают состояние,Медики оценивают состояние мужчины
Метеорологи прогнозируют на ближайшие дни небольшой снег .,Метеорологи прогнозируют снег,Метеорологи прогнозируют небольшой снег
В результате нападения милиционер получил телесные повреждения .,Милиционер получил повреждения,Милиционер получил телесные повреждения
Группу грабителей блокировали милиционеры и спецназ .,Милиционеры блокировали группу,Милиционеры блокировали группу грабителей
Заметившие ее милиционеры сразу же вызвали спасателей .,Милиционеры вызвали спасателей,Милиционеры вызвали спасателей
В настоящее время милиция ведет розыск нападавших .,Милиция ведет розыск,Милиция ведет розыск нападавших
"Милиция ведет следствие , возбуждено уголовное дело .",Милиция ведет следствие,Милиция ведет следствие
"Милиция ведет следствие , возбуждено уголовное дело .",Милиция ведет следствие,Милиция ведет следствие
Милиция отрабатывает различные версии происшествия .,Милиция отрабатывает версии,Милиция отрабатывает версии происшествия
Милиция провела проверку и подтвердила эту информацию .,Милиция провела проверку,Милиция провела проверку
Истекающий кровью мужчина самостоятельно вызвал скорую помощь .,Мужчина вызвал помощь,Мужчина вызвал скорую помощь
Истекающий кровью мужчина самостоятельно вызвал скорую помощь .,Мужчина вызвал помощь,Мужчина вызвал скорую помощь
Мужчина также показал полицейское удостоверение .,Мужчина показал удостоверение,Мужчина показал полицейское удостоверение
"По предварительным данным , мужчина получил ожоги .",Мужчина получил ожоги,Мужчина получил ожоги
В результате падения мужчина получил травмы .,Мужчина получил травмы,Мужчина получил травмы
В результате падения мужчина получил травмы .,Мужчина получил травмы,Мужчина получил травмы
Мужчина потребовал встречи с журналистами .,Мужчина потребовал встречи,Мужчина потребовал встречи
В зале суда мужчина признал свою вину .,Мужчина признал вину,Мужчина потребовал встречи с журналистами
Полученную информацию мужчина продал третьему лицу .,Мужчина продал информацию,Мужчина продал полученную информацию
Мужчина снял повреждения на кабине .,Мужчина снял повреждения,Мужчина снял повреждения на кабине
"Кроме того , большую сдержанность проявляют мужчины .",Мужчины проявляют сдержанность,Мужчины проявляют сдержанность
Музей ведёт активную выставочную деятельность .,Музей ведёт деятельность,Музей ведёт выставочную деятельность
Государственный литературный музей получил новое название .,Музей получил название,Музей получил новое название
Все композиции музыкант записал самостоятельно .,Музыкант записал композиции,Музыкант записал композицию
Сам музыкант исполнил в спектакле роль рассказчика .,Музыкант исполнил роль,Музыкант исполнил роль рассказчика
Название населённого пункта имеет славянское происхождение .,Название имеет происхождение,Название имеет славянское происхождение
Прибывший наряд полиции задержал мужчину .,Наряд задержал мужчину,Наряд задержал мужчину
Незнакомцы затеяли ссору и избили парня .,Незнакомцы затеяли ссору,Незнакомцы затеяли ссору
"Немец по национальности , получил начальное образование .",Немец получил образование,Немец получил начальное образование
Сами немцы вновь не понесли потерь .,Немцы понесли потерь,Немцы понесли потери
Немцы и румыны уничтожали евреев .,Немцы уничтожали евреев,Немцы уничтожали евреев
Для устрашения немцы часто устраивали показательные казни .,Немцы устраивали казни,Немцы устраивали показательные казни
Однако экспедицию везде преследовали неудачи .,Неудачи преследовали экспедицию,Неудачи преследовали экспедицию
Однако экспедицию везде преследовали неудачи .,Неудачи преследовали экспедицию,Неудачи преследовали экспедицию
На одном из рельефов нянька держит младенца .,Нянька держит младенца,Нянька держит младенца
Обвиняемый не дает никаких показаний .,Обвиняемый дает показаний,Обвиняемый дает показания
На процессе обвиняемый полностью признал вину .,Обвиняемый признал вину,Обвиняемый признал вину
Обряд символизировал круговорот времени и возрождение природы .,Обряд символизировал круговорот,Обряд символизировал круговорот времени
Огонь сжег пять квартир и шесть балконов .,Огонь сжег квартир,Огонь сжег квартиру
Крупных притоков озеро не имеет .,Озеро имеет притоков,Озеро имеет крупные притоки
Ранее округ занимал гораздо большую территорию .,Округ занимал территорию,Округ занимал крупную территорию
Ранее округ занимал гораздо большую территорию .,Округ занимал территорию,Округ занимал крупную территорию
Оперативники Центрального района довольно быстро вычислили воришку .,Оперативники вычислили воришку,Оперативники вычислили воришку
Задержание провели оперативники уголовного розыска и МУРа .,Оперативники провели задержание,Оперативники провели задержание
Личность подозреваемого установили оперативники уголовного розыска .,Оперативники установили личность,Оперативники установили личность подозреваемого
Остальные операторы не предоставили более подробных данных .,Операторы предоставили данных,Операторы предоставили подробные данные
А вот оппозиция уже сейчас высказывает недовольство .,Оппозиция высказывает недовольство,Оппозиция высказывает недовольство
Из-за этого организация получила несколько предупреждений .,Организация получила предупреждений,Организация получила предупреждение
Правоохранительные органы ведут розыск преступников .,Органы ведут розыск,Органы ведут розыск преступников
Все обстоятельства случившегося выясняют правоохранительные органы .,Органы выясняют обстоятельства,Органы выясняют обстоятельства случившегося
Правоохранительные органы исключили версию ограбления .,Органы исключили версию,Органы исключили версию ограбления
Правоохранительные органы начали расследование произошедшего инцидента .,Органы начали расследование,Органы начали расследование произошедшего
Правоохранительные органы начали розыск подозреваемых .,Органы начали розыск,Органы начали розыск подозреваемых
Российские правоохранительные органы проверяют эту информацию .,Органы проверяют информацию,Органы проверяют информацию
Следственные органы устанавливают личности убитых .,Органы устанавливают личности,Органы устанавливают личности убитых
Правоохранительные органы уточнили хронологию субботних событий .,Органы уточнили хронологию,Органы уточнили хронологию событий
Отверстия обычно имеют прямоугольную форму .,Отверстия имеют форму,Отверстия имеют прямоугольную форму
Отверстия обычно имеют прямоугольную форму .,Отверстия имеют форму,Отверстия имеют прямоугольную форму
Чаще всего отец решал судьбу сына .,Отец решал судьбу,Отец решал судьбу сына
При этом его отряд понёс большие потери .,Отряд понёс потери,Отряд понёс большие потери
При этом его отряд понёс большие потери .,Отряд понёс потери,Отряд понёс большие потери
Штурмовые отряды блокировали здания и уничтожили террористов .,Отряды блокировали здания,Отряды блокировали здания
Охотники пели некоторые народные песни французского средневековья .,Охотники пели песни,Охотники пели народные песни
После этого девушку вывела охрана .,Охрана вывела девушку,Охрана вывела девушку
Береговая охрана задержала судно и допросила экипаж .,Охрана допросила экипаж,Охрана допросила экипаж
В ходе стычки три охранника получили ранения .,Охранника получили ранения,Охранники получили ранения
В ходе стычки три охранника получили ранения .,Охранника получили ранения,Охранники получили ранения
В ответ охранники открыли огонь .,Охранники открыли огонь,Охранники открыли огонь
В ответ охранники открыли огонь .,Охранники открыли огонь,Охранники открыли огонь
Очевидцы вызвали врачей и сотрудников полиции .,Очевидцы вызвали сотрудников ,Очевидцы вызвали сотрудников полиции
Очевидцы описали приметы верхней одежды злоумышленников .,Очевидцы описали приметы,Очевидцы описали приметы злоумышленников
Украинских зрителей возмутила эта ошибка .,Ошибка возмутила зрителей,Ошибка возмутила украинских зрителей
"Угнанный автомобиль , парень продал .",Парень продал автомобиль,Парень продал угнанный автомобиль
"Таким образом , парламентарии обсудят оба обращения .",Парламентарии обсудят обращения,Парламентарии обсудят обращения
Почти половину голосов набрала правящая Республиканская партия .,Партия набрала половину,Партия набрала половину голосов
Позже певица принесла публичные извинения .,Певица принесла извинения,Певица принесла публичные извинения
После случившегося педагог написал заявление об увольнении .,Педагог написал заявление,Педагог написал заявление
После случившегося педагог написал заявление об увольнении .,Педагог написал заявление,Педагог написал заявление об увольнении
По плану будут принимать пациентов педиатры .,Педиатры принимать пациентов,Педиатры принимают пациентов
В результате наезда пенсионерка получила телесные повреждения .,Пенсионерка получила повреждения,Пенсионерка получила телесные повреждения
Песня имела небольшой успех в мире .,Песня имела успех,Песня имела небольшой успех
Морская пехота ведет огонь из гаубиц .,Пехота ведет огонь,Пехота ведет огонь
Американские пехотинцы окружили дом и вызвали подкрепление .,Пехотинцы окружили дом,Пехотинцы окружили дом
Номер автомобиля пешеход не запомнила .,Пешеход запомнила номер,Пешеход запомнил номер автомобиля
Все письма принцессы носят личный характер .,Письма носят характер,Письма носят личный характер
Чугунная плита прикрывает могильный холм .,Плита прикрывает холм,Плита прикрывает могильный холм
Крепостные плотники сделали ткацкие станки .,Плотники сделали станки,Плотники сделали ткацкие станки
Кроме медали победитель получает денежную премию .,Победитель получает премию,Победитель получает денежную премию
Кроме медали победитель получает денежную премию .,Победитель получает премию,Победитель получает денежную премию
Повреждения существенно снижали стоимость монет .,Повреждения снижали стоимость,Повреждения снижали стоимость монет
Пограничники открыли огонь и остановили судно .,Пограничники остановили судно,Пограничники остановили судно
Пограничники в ответ открыли огонь .,Пограничники открыли огонь,Пограничники открыли огонь
Подготовка церкви к освящению потребовала большого труда .,Подготовка потребовала труда,Подготовка потребовала большого труда
Подготовка церкви к освящению потребовала большого труда .,Подготовка потребовала труда,Подготовка потребовала большого труда
В ходе предварительного следствия подельники признали вину .,Подельники признали вину,Подельники признали вину
Подозреваемая ударила мужчину ножом в руку .,Подозреваемая ударила мужчину,Подозреваемая ударила мужчину
Сами подозреваемые свою вину отрицают .,Подозреваемые отрицают вину,Подозреваемые отрицают вину
Наркотики подозреваемый хранил для дальнейшего сбыта .,Подозреваемый хранил наркотики,Подозреваемый хранил наркотики
В августе подписчики раскритиковали журналистку за распущенность .,Подписчики раскритиковали журналистку,Подписчики раскритиковали журналистку
В результате ранения получили шестеро подростков .,Подростков получили ранения,Подростки получили ранения
Подросток получил ушибы и ссадины .,Подросток получил ушибы,Подросток получил ушибы
Подсудимые отвергают выдвинутые против них обвинения .,Подсудимые отвергают обвинения,Подсудимые отвергают обвинения
Сам подсудимый не признал свою вину .,Подсудимый признал вину,Подсудимый признал вину
Подсудимый признал свою вину частично .,Подсудимый признал вину,Подсудимый признал вину
Через несколько часов поезд продолжил путь .,Поезд продолжил путь,Поезд продолжил путь
Сейчас пожарные выясняют причину возгорания .,Пожарные выясняют причину,Пожарные выясняют причину возгорания
За десять минут пожарные ликвидировали открытое горение .,Пожарные ликвидировали горение,Пожарные ликвидировали открытое горение
За десять минут пожарные ликвидировали открытое горение .,Пожарные ликвидировали горение,Пожарные ликвидировали открытое горение
Пожарные потушили пламя и зашли в помещение .,Пожарные потушили пламя,Пожарные потушили пламя
Пожарные проверяют соседние помещения и перекрытия .,Пожарные проверяют помещения,Пожарные проверяют соседние помещения
Сейчас пожарные уточняют причину возгорания .,Пожарные уточняют причину,Пожарные уточняют причину возгорания
Покупатель заплатил аванс и стал ждать .,Покупатель заплатил аванс,Покупатель заплатил аванс
Политик недавно перенес сложную операцию .,Политик перенес операцию,Политик перенес сложную операцию
Политик недавно перенес сложную операцию .,Политик перенес операцию,Политик перенес сложную операцию
Транспортные полицейские выясняют обстоятельства его смерти .,Полицейские выясняют обстоятельства,Полицейские выясняют обстоятельства смерти
А вскоре полицейские задержали и самого стрелка .,Полицейские задержали стрелка,Полицейские задержали стрелка
Полицейские ловят все машины белого цвета .,Полицейские ловят машины,Полицейские ловят машины
Нарушителей порядка полицейские ловят практически каждый день .,Полицейские ловят нарушителей,Полицейские ловят нарушителей
Вскоре полицейские нашли подозреваемого в совершении кражи .,Полицейские нашли подозреваемого,Полицейские нашли подозреваемого
Однако бомбу своевременно обнаружили полицейские .,Полицейские обнаружили бомбу,Полицейские обнаружили бомбу
Прибывшие на место происшествия полицейские обнаружили подозреваемых .,Полицейские обнаружили подозреваемых,Полицейские обнаружили подозреваемых
Приехавшие на вызов полицейские обнаружили следы взлома .,Полицейские обнаружили следы,Полицейские обнаружили следы взлома
По результатам проверки полицейские примут обоснованное решение .,Полицейские примут решение,Полицейские примут обосновенное решение
Но полицейские напрасно разыскивали уличного грабителя .,Полицейские разыскивали грабителя,Полицейские разыскивали грабителя
Сейчас полицейские разыскивают второго воришку .,Полицейские разыскивают воришку,Полицейские разыскивают второго воришку
Полицейские сейчас устанавливают все обстоятельства этого инцидента .,Полицейские устанавливают обстоятельства,Полицейские устанавливают обстоятельства инцидента
"Как отмечалось , ранение получил один полицейский .",Полицейский получил ранение,Полицейский получил ранение
Тогда полицейский ранил школьника в ногу .,Полицейский ранил школьника,Полицейский ранил школьника
Двое полицейских из оцепления получают ранения .,Полицейских получают ранения,Полицейские получили ранения
Поиск россиянина ведет местная полиция .,Полиция ведет поиск,Полиция ведет поиск россиянина
Поиск россиянина ведет местная полиция .,Полиция ведет поиск,Полиция ведет поиск россиянина
Полиция ведет поиски анонимного заявителя .,Полиция ведет поиски,Полиция ведет поиски заявителя
Полиция ведет поиски анонимного заявителя .,Полиция ведет поиски,Полиция ведет поиски заявителя
Полиция выяснила личность вора по фотографии .,Полиция выяснила личность,Полиция выяснила личность вора
Полиция выяснила обстоятельства похищения пива .,Полиция выяснила обстоятельства,Полиция выяснила обстоятельства похищения
Полиция выясняет мотивы его поступка .,Полиция выясняет мотивы,Полиция выясняет мотивы поступка
После приземления мужчину забрала полиция .,Полиция забрала мужчину,Полиция забрала мужчину
Полиция задержала нескольких противников кинокартины .,Полиция задержала противников,Полиция задержала противников кинокартины
Прибывшая полиция задержала троих участников драки .,Полиция задержала участников,Полиция задержала участников драки
Аналогичную шпионскую программу использует немецкая полиция .,Полиция использует программу,Полиция использует шпионскую программу
"Получив заявление , полиция начала проверку .",Полиция начала проверку,Полиция начала проверку
Сообщения об избиении полиция отрицает .,Полиция отрицает сообщения,Полиция отрицает сообщения
Однако полиция быстро отыскала злоумышленника .,Полиция отыскала злоумышленника,Полиция отыскала злоумышленника
Полиция оцепила место аварии и прилегающий район .,Полиция оцепила место,Полиция оцепила место аварии
Кончину певца подтвердила местная полиция .,Полиция подтвердила кончину,Полиция подтвердила кончину певца
Полиция эти сведения в целом подтвердила .,Полиция подтвердила сведения,Полиция подтвердила сведения
Террориста поймала прибывшая на остров полиция .,Полиция поймала террориста,Полиция поймала террориста
Полиция проверяет подлинность найденных облигаций .,Полиция проверяет подлинность,Полиция проверяет подлинность облигаций
Полиция Выборгского района проводит проверку .,Полиция проводит проверку,Полиция проводит проверку
"Полиция проводит проверку , опрашивает свидетелей .",Полиция проводит проверку,Полиция опришивает свидетелей
Полиция проводит расследование обстоятельств происшедшего .,Полиция проводит расследование,Полиция проводит расследование происшедшего
Полиция также разместила видеозапись инцидента .,Полиция разместила видеозапись,Полиция разместила видеозапись инцидента
Однако полиция быстро разоблачила подлог .,Полиция разоблачила подлог,Полиция разоблачила подлог
Владельца упавшего здания разыскивает полиция .,Полиция разыскивает владельца,Полиция разыскивает владельца здания
Владельца упавшего здания разыскивает полиция .,Полиция разыскивает владельца,Полиция разыскивает владельца здания
Полиция разыскивает новых пострадавших от действий мошенников .,Полиция разыскивает пострадавших,Полиция разыскивает пострадавших
Полиция разыскивает двух его сообщников .,Полиция разыскивает сообщников,Полиция разыскивает сообщников
Полиция разыскивает его предполагаемых сообщников .,Полиция разыскивает сообщников,Полиция разыскивает сообщников
Сейчас полиция разыскивает соучастников ограбления .,Полиция разыскивает соучастников,Полиция разыскивает соучастников ограбления
Лондонская полиция расследовала это дело .,Полиция расследовала дело,Полиция расследовала дело
Полиция устанавливает все обстоятельства происшедшего .,Полиция устанавливает обстоятельства,Полиция устанавливает обстоятельства происшедшего
На это обратили внимание пользователи сети .,Пользователи обратили внимание,Пользователи обратили внимание
Догадку автора картинки подтвердили и другие пользователи .,Пользователи подтвердили догадку,Пользователи подтвердили догадку автора
Другие посетители не проявили таких бурных эмоций .,Посетители проявили эмоций,Посетители проявили бурные эмоции
И посетители вновь не соблюдали дистанцию .,Посетители соблюдали дистанцию,Посетители соблюдали дистанцию
"Посетители читали газеты , журналы , книги .",Посетители читали газеты,Посетители читали газеты
После этого постояльцы продолжили застолье .,Постояльцы продолжили застолье,Постояльцы продолжили застолье
После этого постояльцы продолжили застолье .,Постояльцы продолжили застолье,Постояльцы продолжили застолье
Сам пострадавший сейчас проходит курс лечения .,Пострадавший проходит курс,Пострадавший проходит курс лечения
В результате потерпевший получил перелом носа .,Потерпевший получил перелом,Потерпевший получил перелом носа
Областное правительство свои обязательства не выполнило .,Правительство выполнило обязательства,Правительство выполнило обязательства
Правительство в целом одобрило этот документ .,Правительство одобрило документ,Правительство одобрило документ
Правительство также поддерживает это предложение .,Правительство поддерживает предложение,Правительство поддерживает предложение
Правительство региона подпишет соответствующее постановление .,Правительство подпишет постановление,Правительство подпишет постановление
Правительство прорабатывает и дополнительные меры поддержки .,Правительство прорабатывает меры,Правительство прорабатывает меры поддержки
В настоящее время предложения ведомства рассматривает правительство .,Правительство рассматривает предложения,Правительство рассматривает предложения ведомства
Его слова подтвердили и представители сирийских курдов .,Представители подтвердили слова,Представители подтвердили слова курдов
Представители немецкой компании уже подтвердили факт столкновения .,Представители подтвердили факт,Представители подтвердили факт столкновения
Российский президент возглавит российскую делегацию .,Президент возглавит делегацию,Президент возглавит российскую делегацию
Президент выразил несогласие с решением суда .,Президент выразил несогласие,Президент выразил несогласие
Украинский президент и ранее делал аналогичные заявления .,Президент делал заявления,Президент делал аналогичные заявления
Президент держит в руках портрет своего отца .,Президент держит портрет,Президент держит портрет отца
В целом премьера имела бесспорный успех .,Премьера имела успех,Премьера имела бесспорный успех
Премьера привлекла внимание множества известных персон .,Премьера привлекла внимание,Премьера привлекла внимание
Препарат не индуцирует ферменты печени .,Препарат индуцирует ферменты,Препарат индуцирует ферменты печени
Преследование бандитов продолжают армейский спецназ и пограничники .,Преследование продолжают спецназ,Спецназ продолжает преследование бандитов
Подробности сообщила пресс-служба администрации города .,Пресс-служба сообщила подробности,Пресс-служба сообщила подробности
Преступник нанес всем им ранения и скрылся .,Преступник нанес ранения,Преступник нанес ранения
Затем преступник поджег игровые столы .,Преступник поджег столы,Преступник поджег игровые столы
Преступник при этом совершил ограбление банка .,Преступник совершил ограбление,Преступник совершил ограбление банка
Через несколько часов преступники отпустили заложницу .,Преступники отпустили заложницу,Преступники отпустили заложницу
Через несколько часов преступники отпустили заложницу .,Преступники отпустили заложницу,Преступники отпустили заложницу
Мобильный телефон и фотоаппарат убитой преступники продали .,Преступники продали телефон,Преступники продали мобильный телефон
Его тело преступники сбросили в реку .,Преступники сбросили тело,Преступники сбросили тело
Его тело преступники сбросили в реку .,Преступники сбросили тело,Преступники сбросили тело в реку
Приговор вызвал возмущение петербургской общественности .,Приговор вызвал возмущение,Приговор вызвал возмущение общественности
Приговор вызвал волну критики за рубежом .,Приговор вызвал волну,Приговор вызвал волну критики
Приговор предусматривает двухлетнюю отсрочку отбывания наказания .,Приговор предусматривает отсрочку,Приговор предусматривает двухлетнюю отсрочку
С наступлением весенней оттепели природа творит чудеса .,Природа творит чудеса,Природа творит чудеса
Судебные приставы конфисковали часть его дорогостоящего имущества .,Приставы конфисковали часть,Приставы конфисковали часть имущества
"Причины , впрочем , не имеют значения .",Причины имеют значения,Причины имеют значение
Программа покажет местоположение утерянного предмета .,Программа покажет местоположение,Программа покажет местоположение предмета
Тем более что цену продавец выставил привлекательную .,Продавец выставил привлекательную,Продавец выставил привлекательную цену
"Мало того , продавцы обещают большие скидки .",Продавцы обещают скидки,Продавцы обещают большие скидки
Продюсер певца подтвердил эту информацию .,Продюсер подтвердил информацию,Продюсер подтвердил информацию
Прокуратура ведет проверку по данному делу .,Прокуратура ведет проверку,Прокуратура ведет проверку
Японская прокуратура возбудила уголовные дела .,Прокуратура возбудила дела,Прокуратура возбудила уголовные дела
Прокуратура провинции Красное море возбудило уголовное дело .,Прокуратура возбудило дело,Прокуратура возбудило уголовное дело
По факту произошедшего прокуратура инициировала проверку .,Прокуратура инициировала проверку,Прокуратура инициировала проверку
По данному факту прокуратура начала расследование .,Прокуратура начала расследование,Прокуратура начала расследование
Сейчас в отношении учителя начала расследование прокуратура .,Прокуратура начала расследование,Прокуратура начала расследование
"Тем не менее , прокуратура начала расследование .",Прокуратура начала расследование,Прокуратура начала расследование
Эти сведения официально опровергла прокуратура республики .,Прокуратура опровергла сведения,Прокуратура опровергла сведения
Прокуратура официально не подтверждает данную информацию .,Прокуратура подтверждает информацию,Прокуратура подтверждает данную информацию
Прокуратура провела проверку и возбудила уголовное дело .,Прокуратура провела проверку,Прокуратура провела проверку
Прокуратура проводит проверку по факту случившегося .,Прокуратура проводит проверку,Прокуратура проводит проверку
Прокуратура Витебского района проводит проверку этого происшествия .,Прокуратура проводит проверку,Прокуратура проводит проверку
Обстоятельства их смерти расследует Генеральная прокуратура республики .,Прокуратура расследует обстоятельства,Прокуратура расследует обстоятельства смерти
Наказания губернатора требовала прокуратура республики .,Прокуратура требовала наказания,Прокуратура требовала наказание губератора
Позже эту информацию подтвердил прокурор .,Прокурор подтвердил информацию,Прокурор подтвердил информацию
Прокуроры также контролировали исполнение судебных приговоров .,Прокуроры контролировали исполнение,Прокуроры контролировали исполнение приговоров
Прокуроры также контролировали исполнение судебных приговоров .,Прокуроры контролировали исполнение,Прокуроры контролировали исполнение приговоров
Монастырскую гору пронизывают пещеры и подземные ходы .,Пронизывают пещеры,Пещеры пронизывают монастырскую гору
Монастырскую гору пронизывают пещеры и подземные ходы .,Пронизывают пещеры,Пещеры пронизывают монастырскую гору
Его проповедь приносила обильные плоды .,Проповедь приносила плоды,Проповедь приносила обильные плоды
Противник не ждал опасности с севера .,Противник ждал опасности,Противник ждал опасности
Противник не ждал опасности с севера .,Противник ждал опасности,Противник ждал опасности с севера
Женщину же спас случайный прохожий .,Прохожий спас женщину,Прохожий спас женщину
Эта процедура часто причиняла женщинам большие страдания .,Процедура причиняла страдания,Процедура причиняла большие страдания
"По его словам , процесс набирает обороты .",Процесс набирает обороты,Процесс набирает обороты
Зачастую процесс носит необратимый характер .,Процесс носит характер,Процесс носит необратимый характер
Детские психологи подтвердили правдивость историй .,Психологи подтвердили правдивость,Психологи подтвердили правдивость историй
Эта публикация собрала десятки комментариев пользователей .,Публикация собрала десятки,Публикация собрала десятки комментариев
Бутылку нашли через несколько часов другие путешественники .,Путешественники нашли бутылку,Путешественники нашли бутылку
"Возможно , путешествие груза продлится месяц .",Путешествие продлится месяц,Путешествие продлится месяц
Пятна на листьях образуют шахматный рисунок .,Пятна образуют рисунок,Пятна образуют шахматный рисунок
В противном случае ответственный работник понесет наказание .,Работник понесет наказание,Работник понесет наказание
Тем не менее радиостанция продолжила вещание .,Радиостанция продолжила вещание,Радиостанция продолжила вещание
Оба района имеют холмистый рельеф .,Района имеют рельеф,Районы имеют холмистый рельеф
Ракета поразила условную цель в установленное время .,Ракета поразила цель,Ракета поразила цель
Расследование обстоятельств его смерти выявляет интересные факты .,Расследование выявляет факты,Расследование выявляет интересные факты
Эти растворители довольно часто имеют резкий запах .,Растворители имеют запах,Растворители имеют резкий запах
Эти растворители довольно часто имеют резкий запах .,Растворители имеют запах,Растворители имеют резкий запах
"Да , ребята совершили абсолютно недопустимые поступки .",Ребята совершили поступки,Ребята совершили недопустимые поступки
А регистрация займет лишь один день .,Регистрация займет день,Регистрация займет день
Решения сельских комитетов носили обязательный характер .,Решения носили характер,Решения носили обязательный характер
Пост о смерти малыша опубликовали его родители .,Родители опубликовали пост,Родители опубликовали пост
При выходе мелкие родники образуют небольшое озеро .,Родники образуют озеро,Родники образуют небольшое озеро
В тот день родственники совместно распивали спиртное .,Родственники распивали спиртное,Родственники распивали спиртное
Роды принимали сразу девять специалистов .,Роды принимали специалистов,Специалисты принимали роды
В основном роман собрал восторженные отзывы критиков .,Роман собрал отзывы,Роман собрал восторженные отзывы
Россияне вырвали победу в концовке третьего периода .,Россияне вырвали победу,Россияне вырвали победу
В финале россияне обыграли бразильцев .,Россияне обыграли бразильцев,Россияне обыграли бразильцев
Руководство албанских сепаратистов опровергает эти сведения .,Руководство опровергает сведения,Руководство опровергает сведения
После этого руководство музея устранило выявленные нарушения .,Руководство устранило нарушения,Руководство устранило выявленные нарушения
Руководство последней также хранит молчание .,Руководство хранит молчание,Руководство хранит молчание
В брачный период самец демонстрирует брачный танец .,Самец демонстрирует танец,Самец демонстрирует брачный танец
Национальная сборная получила условную дисквалификацию .,Сборная получила дисквалификацию,Сборная получила условную дисквалификацию
Национальная сборная получила условную дисквалификацию .,Сборная получила дисквалификацию,Сборная получила условную дисквалификацию
Восемь мужских сборных разыграли один комплект наград .,Сборных разыграли комплект,Сборные разыграли комплект наград
В Иркутской области священник сбил дорожный знак .,Священник сбил знак,Священник сбил дорожный знак
Сделка вызвала неоднозначную реакцию в мире .,Сделка вызвала реакцию,Сделка вызвала неоднозначную реакцию
Пополнение также отпраздновали многодетные семьи .,Семьи отпраздновали пополнение,Семьи отпраздновали пополнение
Семья его матери имеет индейские корни .,Семья имеет корни,Семья имеет индейские корни
Семья имеет польские и украинские корни .,Семья имеет корни,Семья имеет индейские корни
Сервис упрощает жизнь и экономит время .,Сервис упрощает жизнь,Сервис упрощает жизнь
Сериал представляет собой сборник коротких любовных новелл .,Сериал представляет сборник,Сериал представляет сборник новелл
Силовики в ответ начали штурм квартиры .,Силовики начали штурм,Силовики начали штурм квартиры
"Однако , синоптики нам не обещают осадков .",Синоптики обещают осадков,Синоптики обещают осадки
В Свердловской области синоптики объявили штормовое предупреждение .,Синоптики объявили предупреждение,Синоптики объявили штормовое предупреждение
Некоторые ситуации носили криминальный оттенок .,Ситуации носили оттенок,Ситуации носили криминальный оттенок
Некоторые ситуации носили криминальный оттенок .,Ситуации носили оттенок,Ситуации носили криминальный оттенок
Такая ситуация вызвала народное восстание .,Ситуация вызвала восстание,Ситуация вызвала народное восстание
Такая ситуация вызвала народное восстание .,Ситуация вызвала восстание,Ситуация вызвала народное восстание
Скульптура изображает писателя в глубокой задумчивости .,Скульптура изображает писателя,Скульптура изображает писателя
Сейчас следователи возбудили уголовное дело .,Следователи возбудили дело,Следователи возбудили уголовное дело
Сейчас следователи возбудили уголовное дело .,Следователи возбудили дело,Следователи возбудили уголовное дело
На данный момент следователи восстановили картину произошедшего .,Следователи восстановили картину,Следователи восстановили картину произошедшего
В настоящее время следователи выясняют причины случившегося .,Следователи выясняют причины,Следователи выясняют причины случившегося
Сейчас следователи допрашивают руководителей завода .,Следователи допрашивают руководителей,Следователи допрашивают руководителей завода
Следователи ищут и других возможных потерпевших .,Следователи ищут потерпевших,Следователи ищут возможных потерпевших
Следователи опрашивают возможных свидетелей преступления .,Следователи опрашивают свидетелей,Следователи опрашивают свидетелей преступления
Место происшествия также осмотрели следователи - криминалисты .,Следователи осмотрели место,Следователи осмотрели место происшествия
Следователи по горячим следам раскрыли преступление .,Следователи раскрыли преступление,Следователи раскрыли преступление
Следователи устанавливают личности остальных участников нападения .,Следователи устанавливают личности,Следователи устанавливают личности участников
Мотив преступления следователи пока не установили .,Следователи установили мотив,Следователи установили мотив преступления
Следствие выясняет мотивы поступка подростка .,Следствие выясняет мотивы,Следствие выясняет мотивы поступка
На данный момент следствие выясняет мотивы произошедшего .,Следствие выясняет мотивы,Следствие выясняет мотивы поступка
Пропажу обнаружил пришедший в ботанический сад служащий .,Служащий обнаружил пропажу,Служащий обнаружил пропажу
Служба поддержки провайдера подтвердила факт блокировки .,Служба подтвердила факт,Служба подтвердила факт блокировки
Другие социологические службы зафиксировали рост рейтинга .,Службы зафиксировали рост,Службы зафиксировали рост рейтинга
Местные службы безопасности ликвидировали преступника .,Службы ликвидировали преступника,Службы ликвидировали преступника
Сейчас спасательные службы разбирают обвалившиеся конструкции .,Службы разбирают конструкции,Службы разбирают обвалившиеся конструкции
Местных жителей случай явно напугал .,Случай напугал жителей,Случай напугал местных жителей
Собаки сломали забор и убежали .,Собаки сломали забор,Собаки сломали забор
Решение принял совет директоров общества .,Совет принял решение,Совет принял решение
Создатель мобильника не впервые критикует современные телефоны .,Создатель критикует телефоны,Создатель критикует современные телефоны
Наши солдаты освобождали свою землю .,Солдаты освобождали землю,Солдаты освобождали землю
Солдаты открыли по нему огонь .,Солдаты открыли огонь,Солдаты открыли огонь
Польские солдаты страшно разграбили город .,Солдаты разграбили город,Солдаты разграбили город
Польские солдаты страшно разграбили город .,Солдаты разграбили город,Солдаты разграбили город
Фотографию записки опубликовал ее сосед .,Сосед опубликовал фотографию,Сосед опубликовал фотографию записки
Соседи тут же вызвали полицейских .,Соседи вызвали полицейских,Соседи вызвали полицейских
Пламя заметили соседи и вызвали пожарных .,Соседи заметили пламя,Соседи заметили пламя
Соседи сделали ему замечание и попросили одеться .,Соседи сделали замечание,Соседи сделали замечание
Собаку спецназовца забрали его сослуживцы .,Сослуживцы забрали собаку,Сослуживцы забрали спецназовца
Сотрудник прокуратуры сразу же достал служебное удостоверение .,Сотрудник достал удостоверение,Сотрудник достал служебное удостоверение
Сотрудник парка оказал девочке первую помощь .,Сотрудник оказал помощь,Сотрудник оказал первую помощь
Сотрудники подразделений транспортной безопасности ведут профилактическую работу .,Сотрудники ведут работу,Сотрудники ведут профилактическую работу
Сотрудники музея восстанавливают разрушенные колонны .,Сотрудники восстанавливают колонны,Сотрудники восстанавливают разрушенные колонны
Его жертве наши сотрудники вызвали скорую .,Сотрудники вызвали скорую,Сотрудники вызвали скорую
Сотрудники полиции выясняют личность умершего .,Сотрудники выясняют личность,Полиции выясняют личность умершего
Сейчас сотрудники полиции выясняют все обстоятельства случившегося .,Сотрудники выясняют обстоятельства,Сотрудники выясняют обстоятельства случившегося
Подробности происшествия выясняют сотрудники правоохранительных органов .,Сотрудники выясняют подробности,Сотрудники выясняют подробности происшествия
Сотрудники управления задержали всех предполагаемых вымогателей .,Сотрудники задержали вымогателей,Сотрудники задержали предполагаемых вымогателей
Спровоцировавшего скандал мужчину задержали сотрудники полиции .,Сотрудники задержали мужчину,Сотрудники задержали мужчину
Сотрудники милиции задержали преступников в момент продажи .,Сотрудники задержали преступников,Сотрудники задержали преступников
Сотрудники администрации обследовали строительную площадку .,Сотрудники обследовали площадку,Сотрудники обследовали строительную площадку
Здание обыскали сотрудники полиции с собаками .,Сотрудники обыскали здание,Сотрудники обыскали здание
Сотрудники полиции безопасности также обыскали его кабинет .,Сотрудники обыскали кабинет,Сотрудники обыскали кабинет
Сотрудники заповедника организовали поиск животного .,Сотрудники организовали поиск,Сотрудники организовали поиск животного
Информацию подтвердили сотрудники служб безопасности .,Сотрудники подтвердили информацию,Сотрудники подтвердили информацию
Эту информацию подтвердили сотрудники правоохранительных органов .,Сотрудники подтвердили информацию,Сотрудники подтвердили информацию
Сотрудники авиакомпании принесли свои извинения пострадавшей семье .,Сотрудники принесли извинения,Сотрудники принесли извинения
Сейчас сотрудники ведомства проверяют все поступившие сообщения .,Сотрудники проверяют сообщения,Сотрудники проверяют поступившие сообщения
"Кстати , сотрудники органов уже проводят проверку .",Сотрудники проводят проверку,Сотрудники проводят проверку
Задержание произвели сотрудники финансовой полиции .,Сотрудники произвели задержание,Сотрудники произвели задержание
Сотрудники милиции производят досмотр транспорта .,Сотрудники производят досмотр,Сотрудники производят досмотр транспорта
Сотрудники полиции оперативно установили его личность .,Сотрудники установили личность,Сотрудники установили личность
Первую помощь оказала сотрудница школы .,Сотрудница оказала помощь,Сотрудница оказала первую помощь
Наибольшую известность получили его инструментальные сочинения .,Сочинения получили известность,Сочинения получили большую известность
"В итоге , трое спасателей получили ранение .",Спасателей получили ранение,Спасатели получили ранение
"По последним данным , спасатели ликвидировали пожар .",Спасатели ликвидировали пожар,Спасатели ликвидировали пожар
"По последним данным , спасатели ликвидировали пожар .",Спасатели ликвидировали пожар,Спасатели ликвидировали пожар
"Спасатели предпринимают усилия , чтобы ликвидировать возгорание .",Спасатели предпринимают усилия,Спасатели предпринимают усилия
Причину пожара теперь выясняют специалисты .,Специалисты выясняют причину,Специалисты выясняют причину пожара
Сейчас эту идею обсуждают специалисты ведомства .,Специалисты обсуждают идею,Специалисты обсуждают идею
Из-за инфекции специалисты проводят эпидемиологическое расследование .,Специалисты проводят расследование,Специалисты проводят эпидемиологическое расследование
Специалисты устанавливают все обстоятельств происшествия .,Специалисты устанавливают обстоятельств,Специалисты устанавливают обстоятельства происшествия
Причину пожара устанавливают специалисты ведомства .,Специалисты устанавливают причину,Специалисты устанавливают причину пожара
Причину возгорания в настоящее время устанавливают специалисты .,Специалисты устанавливают причину,Специалисты устанавливают причину пожара
Причины возгорания сейчас устанавливают специалисты .,Специалисты устанавливают причины,Специалисты устанавливают причины возгорания
В настоящее время специалисты устанавливают причины пожара .,Специалисты устанавливают причины,Специалисты устанавливают причины пожара
Специалисты устанавливают причины и обстоятельства конфликта .,Специалисты устанавливают причины,Специалисты устанавливают причины пожара
Причины возгорания сейчас устанавливают специалисты .,Специалисты устанавливают причины,Специалисты устанавливают причины возгорания
В ходе спецоперации двое спецназовцев получили ранения .,Спецназовцев получили ранения,Спецназовцы получили ранения
Подоспевшие туда армейские спецподразделения окружили террористов .,Спецподразделения окружили террористов,Спецподразделения окружили террористов
Позже местные спецслужбы ликвидировали убийцу .,Спецслужбы ликвидировали убийцу,Спецслужбы ликвидировали убийцу
Сплав обладает повышенной прочностью при высоких температурах .,Сплав обладает прочностью,Сплав обладает повышенной прочностью
Сплав обладает повышенной прочностью при высоких температурах .,Сплав обладает прочностью,Сплав обладает повышенной прочностью
Спортсмены разыграют четыре комплекта наград .,Спортсмены разыграют комплекта,Спортсмены разыграют комплект наград
Спрос на билеты существенно превышает предложение .,Спрос превышает предложение,Спрос превышает предложение
Спрос на билеты существенно превышает предложение .,Спрос превышает предложение,Спрос превышает предложение
Станция обслуживает грузы для предприятий .,Станция обслуживает грузы,Станция обслуживает грузы
Статья получила широкую известность и неоднозначные оценки .,Статья получила известность,Статья получила широкую известность
Столпы имели в разрезе форму креста .,Столпы имели форму,Столпы имели форму креста
Первую помощь ей оказал сторож кладбища .,Сторож оказал помощь,Сторож оказал первую помощь
Пока стороны заключили предварительное соглашение .,Стороны заключили соглашение,Стороны заключили предварительное соглашение
В итоге стороны заключили мировое соглашение .,Стороны заключили соглашение,Стороны заключили мировое соглашение
Результаты переговоров стороны не комментируют .,Стороны комментируют результаты,Стороны комментируют результаты переговоров
В настоящее время потери несут обе стороны .,Стороны несут потери,Стороны несут потери
Стороны также обсудят перспективы торгово-экономических отношений .,Стороны обсудят перспективы,Стороны обсудят перспективы отношений
Стороны обсуждают некий совместный документ .,Стороны обсуждают документ,Стороны обсуждают совместный документ
В минувшую среду все стороны подписали соглашение .,Стороны подписали соглашение,Стороны подписали соглашение
Эти страны официально не поддерживают дипломатических отношений .,Страны поддерживают отношений,Страны поддерживают дипломатические отношения
Строительство боен подразумевало использование наиболее современных технологий .,Строительство подразумевало использование,Строительство подразумевало использование технологий
Строительство нефтехимического комбината ухудшило экологическое состояние местности .,Строительство ухудшило состояние,Строительство ухудшило состояние местности
Однако Верховный суд республики аннулировал результаты голосования .,Суд аннулировал результаты,Суд аннулировал результаты голосования
Такое постановление опубликовал сегодня Конституционный суд .,Суд опубликовал постановление,Суд опубликовал постановление
Все ходатайства защиты суд отклонил .,Суд отклонил ходатайства,Суд отклонил ходатайства защиты
"Таким образом , суд поддержал требование прокуратуры .",Суд поддержал требование,Суд поддержал требование прокуратуры
Однако суд вскоре прекратил дело .,Суд прекратил дело,Суд прекратил дело
Однако суд вскоре прекратил дело .,Суд прекратил дело,Суд прекратил дело
Суд в целом принял доводы защиты .,Суд принял доводы,Суд принял доводы защиты
Такое решение принял Верховный суд королевства .,Суд принял решение,Суд принял решение
Такое решение принял Высший областной суд Вены .,Суд принял решение,Суд принял решение
Такое решение принял Арбитражный суд .,Суд принял решение,Суд принял решение
Решение об освобождении принял суд .,Суд принял решение,Суд принял решение об освобождении
Соответствующее решение принял Смоленский областной суд .,Суд принял решение,Суд принял решение
Соответствующее решение принял Севастопольский апелляционный хозяйственный суд .,Суд принял решение,Суд принял соответствующее решение
Решение об освобождении принял суд .,Суд принял решение,Суд принял решение
Дело рассмотрит Псковский областной суд .,Суд рассмотрит дело,Суд рассмотрит дело
Его дело рассмотрит Промышленный районный суд .,Суд рассмотрит дело,Суд рассмотрит дело
Сейчас их судьбу решает суд .,Суд решает судьбу,Суд решает судьбу
Суд удовлетворил поданные заявления о взыскании средств .,Суд удовлетворил заявления,Суд удовлетворил поданные заявления
Суд в итоге не удовлетворил иск .,Суд удовлетворил иск,Суд удовлетворил иск
Суд в итоге не удовлетворил иск .,Суд удовлетворил иск,Суд удовлетворил иск
Суд удовлетворил требования прокурора полностью .,Суд удовлетворил требования,Суд удовлетворил требования прокурора
Суд частично удовлетворил требования генпрокурора .,Суд удовлетворил требования,Суд удовлетворил требования генпрокурора
А потом шахматная судьба сделала неожиданный пируэт .,Судьба сделала пируэт,Судьба сделала неожиданный пируэт
В настоящее время судьи оглашают материалы дела .,Судьи оглашают материалы,Судьи оглашают материалы дела
Свою награду сценаристы также вручают авторам сериалов .,Сценаристы вручают награду,Сценаристы вручают награду
Сын с нетерпением ждет поездку .,Сын ждет поездку,Сын ждет поездку
Сын с нетерпением ждет поездку .,Сын ждет поездку,Сын ждет поездку
Сейчас сыщики уголовного розыска разыскивают преступника .,Сыщики разыскивают преступника,Сыщики разыскивают преступника
Через некоторое время танки покинули город .,Танки покинули город,Танки покинули город
Через некоторое время танки покинули город .,Танки покинули город,Танки покинули город
Через несколько часов танки покинули палестинскую территорию .,Танки покинули территорию,Танки покинули палестинскую территорию
Его творчество получило высокую оценку критики .,Творчество получило оценку,Творчество получило высокую оценку
Творчество мастера получило заслуженное признание зрителей .,Творчество получило признание,Творчество получило заслуженное признание
Китайское телевидение вело прямую трансляцию запуска .,Телевидение вело трансляцию,Телевидение вело трансляцию
Российские телезрители предпочитают детективные сериалы .,Телезрители предпочитают сериалы,Телезрители предпочитают детективные сериалы
Позже телеканал показал этот фильм целиком .,Телеканал показал фильм,Телеканал показал фильм
Телеканалы в это время собирают огромную аудиторию .,Телеканалы собирают аудиторию,Телеканалы собирают огромную аудиторию
Телеканалы в это время собирают огромную аудиторию .,Телеканалы собирают аудиторию,Телеканалы собирают огромную аудиторию
"По последней информации , террорист отпустил женщину .",Террорист отпустил женщину,Террорист отпустил женщину
"По последней информации , террорист отпустил женщину .",Террорист отпустил женщину,Террорист отпустил женщину
Террористы и заложники занимают здание аэропорта .,Террористы занимают здание,Террористы занимают здание аэропорта
Террористы захватили две гостиницы и еврейский центр .,Террористы захватили гостиницы,Террористы захватили гостиницы
В воскресенье террористы вновь захватили населенный пункт .,Террористы захватили пункт,Террористы захватили населенный пункт
С них техника вывозит снег .,Техника вывозит снег,Техника вывозит снег
В Бостоне возбуждённая толпа разгромила особняк вице-губернатора .,Толпа разгромила особняк,Толпа разгромила особняк губернатора
Все обвиненные в махинациях топ-менеджеры покинули компанию .,Топ-менеджеры покинули компанию,Топ-менеджеры покинули компанию
Все обвиненные в махинациях топ-менеджеры покинули компанию .,Топ-менеджеры покинули компанию,Топ-менеджеры покинули компанию
Деньги получили топ-менеджеры обеих фирм .,Топ-менеджеры получили деньги,Топ-менеджеры получили деньги
Настроение футболистов подхватил и главный тренер .,Тренер подхватил настроение,Тренер подхватил настроение футболистов
Троллейбус возобновил движение по маршруту .,Троллейбус возобновил движение,Троллейбус возобновил движение
На следующий день город захватили турки .,Турки захватили город,Турки захватили город
Этот турнир выявит самых сильных спортсменов .,Турнир выявит спортсменов,Турнир выявит сильнейших спортсменов
Этот турнир выявит самых сильных спортсменов .,Турнир выявит спортсменов,Турнир выявит сильнейших спортсменов
Убийцы дают показания в милиции .,Убийцы дают показания,Убийцы дают показания
После этого управляющий вызвал полицию .,Управляющий вызвал полицию,Управляющий вызвал полицию
Остальные участники группы благополучно пересекли границу .,Участники пересекли границу,Участники пересекли границу
Учитель сопровождает ученика в его образовательном движении .,Учитель сопровождает ученика,Учитель сопровождает ученика
Некоторые учебники для школ написали местные учителя .,Учителя написали учебники,Учителя написали учебники
Фермер ожидает первый богатый урожай .,Фермер ожидает урожай,Фермер ожидает богатый урожай
"Например , фермы выращивают пшеницу .",Фермы выращивают пшеницу,Фермы выращивают пшеницу
"Например , фермы выращивают пшеницу .",Фермы выращивают пшеницу,Фермы выращивают пшеницу
На суде фигуранты дела свою вину признали .,Фигуранты признали вину,Фигуранты признали вину
Фильм получил крайне негативные отзывы .,Фильм получил отзывы,Фильм получил негативные отзывы
Фильм получил разгромные отзывы в прессе .,Фильм получил отзывы,Фильм получил негативные отзывы
Фильм получил преимущественно негативные отзывы критиков .,Фильм получил отзывы,Фильм получил негативные отзывы
Фильм получил крайне положительные отзывы критиков .,Фильм получил отзывы,Фильм получил положительные отзывы
Фильм получил смешанные отрицательные отзывы от критиков .,Фильм получил отзывы,Фильм получил отрицательные отзывы
Фильм получил крайне негативные отзывы .,Фильм получил отзывы,Фильм получил негативные отзывы
Футболист за свое поведение получил красную карточку .,Футболист получил карточку,Футболист получил красную карточку
Футболист за свое поведение получил красную карточку .,Футболист получил карточку,Футболист получил красную карточку
Затем хакеры сменили систему защиты .,Хакеры сменили систему,Хакеры сменили систему защиты
Тогда американские хоккеисты заработали серебряную медаль .,Хоккеисты заработали медаль,Хоккеисты заработали сребряную медаль
Молодой художник точно разрабатывает психологический сюжет .,Художник разрабатывает сюжет,Художник разрабатывает сюжет
Цветки большинства сортов обладают сильным ароматом .,Цветки обладают ароматом,Цветки обладают сильным ароматом
Цены на проезд вызвали возмущение многих водителей .,Цены вызвали возмущение,Цены вызвали возмущение водителей
Мировые цены на нефть показывают положительную динамику .,Цены показывают динамику,Цены показывают положительную динамику
Цирк имеет собственную гостиницу для гастролирующих артистов .,Цирк имеет гостиницу,Цирк имеет собственную гостиницу
Человек ощущает постоянную потребность в еде .,Человек ощущает потребность,Человек ощущает потребность в еде
В этих происшествиях пять человек получили травмы .,Человек получили травмы,Человек получил травмы
В результате столкновения несколько человек получили травмы .,Человек получили травмы,Человек получил травмы
В этих происшествиях пять человек получили травмы .,Человек получили травмы,Человек получил травмы
Четыре человека получили незначительные повреждения .,Человека получили повреждения,Человек получил незначительные повреждения
В результате аварии три человека получили травмы .,Человека получили травмы,Человек получил травмы
Так человечество объявляет войну новой империи .,Человечество объявляет войну,Человечество объявляет войну
Также шведы потерпели одно поражение .,Шведы потерпели поражение,Шведы потерпели поражение
После этого школьник выбросил нож .,Школьник выбросил нож,Школьник выбросил нож
После этого школьник выбросил нож .,Школьник выбросил нож,Школьник выбросил нож
После этого школьница частично признала вину .,Школьница признала вину,Школьница признала вину
Большой популярностью пользовались шубы из лисицы .,Шубы пользовались популярностью,Шубы пользовались большой популярностью
Именно в этот момент нарушителей заметили экологи .,Экологи заметили нарушителей,Экологи заметили нарушителей
Положительные прогнозы делают и экономисты .,Экономисты делают прогнозы,Экономисты делают положительные прогнозы
Точную причину смерти установит судебно-медицинская экспертиза .,Экспертиза установит причину,Экспертиза установит причину смерти
Причину возникновения пожара выясняют эксперты .,Эксперты выясняют причину,Эксперты выясняют причину пожара
Эксперты нашли там следы его пота .,Эксперты нашли следы,Эксперты нашли следы пота
Эксперты обнаружили на теле три огнестрельных ранения .,Эксперты обнаружили ранения,Эксперты обнаружили огнестрельные ранения
Осмотрев животное эксперты сделали несколько выводов .,Эксперты сделали выводов,Эксперты сделали вывод
В ответ японцы резко активизировали колонизацию острова .,Японцы активизировали колонизацию,Японцы активизировали колонизацию острова
Ярусы вертепа имели разное предназначение .,Ярусы имели предназначение,Ярусы имели разное предназначение
Спустя год уникальная яхта нашла покупателя .,Яхта нашла покупателя,Яхта нашла покупателя
